sequence,lifetime(hours)
CCATTTCAGTTTATGCCTACAGTGGCCTAACCCAAGGGTTCAGTAACACATTCGACT,0.24
CCATTTCAGTTTATGCCTACAGTGGCCTAACCCAAGGGTTCAGTAACACATTCGACT,0.24
CCATTTCAGTTTATGCCTACAGTGGCCTAACCCAAGGGTTCAGTAACACATTCGACT,0.24
CCATTTCAGTTTATGCCTACAGTGGCCTAACCCAAGGGTTCAGTAACACATTCGACT,0.24
CCATTTCAGTTTATGCCTACAGTGGCCTAACCCAAGGGTTCAGTAACACATTCGACT,0.24
CCATTTCAGTTTATGCCTACAGTGGCCTAACCCAAGGGTTCAGTAACACATTCGACT,0.24
CCATTTCAGTTTATGCCTACAGTGGCCTAACCCAAGGGTTCAGTAACACATTCGACT,0.24
CCATTTCAGTTTATGCCTACAGTGGCCTAACCCAAGGGTTCAGTAACACATTCGACT,0.24
CCATTTCAGTTTATGCCTACAGTGGCCTAACCCAAGGGTTCAGTAACACATTCGACT,0.24
CCATTTCAGTTTATGCCTACAGTGGCCTAACCCAAGGGTTCAGTAACACATTCGACT,0.24
CCATTTCAGTTTATGCCTACAGTGGCCTAACCCAAGGGTTCAGTAACACATTCGACT,0.24
CCATTTCAGTTTATGCCTACAGTGGCCTAACCCAAGGGTTCAGTAACACATTCGACT,0.24
CCATTTCAGTTTATGCCTACAGTGGCCTAACCCAAGGGTTCAGTAACACATTCGACT,0.24
CCATTTCAGTTTATGCCTACAGTGGCCTAACCCAAGGGTTCAGTAACACATTCGACT,0.24
CCATTTCAGTTTATGCCTACAGTGGCCTAACCCAAGGGTTCAGTAACACATTCGACT,0.24